gene,condition
1500004A13Rik,F1_Aged
2310014F06Rik,F1_Aged
4833420G17Rik,F1_Aged
4930523C07Rik,F1_Aged
6820431F20Rik,F1_Aged
AW554918,F1_Aged
Abca1,F1_Aged
Abcd3,F1_Aged
Abi1,F1_Aged
Ablim1,F1_Aged
Acadl,F1_Aged
Acbd3,F1_Aged
Acer3,F1_Aged
Acin1,F1_Aged
Acot11,F1_Aged
Acot13,F1_Aged
Actc1,F1_Aged
Adam10,F1_Aged
Adamts10,F1_Aged
Adamts2,F1_Aged
Adcy6,F1_Aged
Adcy9,F1_Aged
Afap1,F1_Aged
Afdn,F1_Aged
Aff4,F1_Aged
Afg3l2,F1_Aged
Aftph,F1_Aged
Agfg1,F1_Aged
Ago2,F1_Aged
Agps,F1_Aged
Ak3,F1_Aged
Akap11,F1_Aged
Akap6,F1_Aged
Akap9,F1_Aged
Aldh1a2,F1_Aged
Aldh2,F1_Aged
Ankib1,F1_Aged
Ankrd1,F1_Aged
Ankrd6,F1_Aged
Anxa6,F1_Aged
Aox1,F1_Aged
Aox3,F1_Aged
Ap1g1,F1_Aged
Ap3b1,F1_Aged
Aplp2,F1_Aged
Appl1,F1_Aged
Arfip1,F1_Aged
Arglu1,F1_Aged
Arhgap18,F1_Aged
Arhgap20,F1_Aged
Arhgap32,F1_Aged
Arhgap44,F1_Aged
Arhgef11,F1_Aged
Arhgef2,F1_Aged
Arhgef7,F1_Aged
Arid1a,F1_Aged
Arl13b,F1_Aged
Arl8b,F1_Aged
Asb14,F1_Aged
Asb15,F1_Aged
Asb3,F1_Aged
Atad2,F1_Aged
Atf7,F1_Aged
Atg13,F1_Aged
Atp11a,F1_Aged
Atp11b,F1_Aged
Atp13a3,F1_Aged
Atp1a2,F1_Aged
Atp1b1,F1_Aged
Atp1b3,F1_Aged
Atp2b1,F1_Aged
Atp5f1b,F1_Aged
Atp5pb,F1_Aged
Atp6v0a1,F1_Aged
Atp8a1,F1_Aged
Atrn,F1_Aged
Auh,F1_Aged
B230216N24Rik,F1_Aged
B2m,F1_Aged
BC005537,F1_Aged
Bach1,F1_Aged
Baz1b,F1_Aged
Bbs9,F1_Aged
Bbx,F1_Aged
Bcl2l13,F1_Aged
Bicra,F1_Aged
Bicral,F1_Aged
Birc2,F1_Aged
Bod1l,F1_Aged
Bptf,F1_Aged
Brd10,F1_Aged
Brip1os,F1_Aged
Btaf1,F1_Aged
Btbd1,F1_Aged
Bzw2,F1_Aged
Cab39l,F1_Aged
Cachd1,F1_Aged
Cacnb4,F1_Aged
Capn7,F1_Aged
Carnmt1,F1_Aged
Casp12,F1_Aged
Casp4,F1_Aged
Casq2,F1_Aged
Cavin2,F1_Aged
Cbfa2t2,F1_Aged
Cbx5,F1_Aged
Cc2d2a,F1_Aged
Ccar1,F1_Aged
Ccdc171,F1_Aged
Ccdc47,F1_Aged
Ccdc50,F1_Aged
Ccdc6,F1_Aged
Ccdc88a,F1_Aged
Ccm2,F1_Aged
Ccnt1,F1_Aged
Ccnt2,F1_Aged
Ccpg1,F1_Aged
Cd2ap,F1_Aged
Cd36,F1_Aged
Cd46,F1_Aged
Cdc42bpb,F1_Aged
Cdip1,F1_Aged
Cdk6,F1_Aged
Cds2,F1_Aged
Cebpd,F1_Aged
Cebpz,F1_Aged
Cecr2,F1_Aged
Cemip2,F1_Aged
Cep112,F1_Aged
Cep170,F1_Aged
Cep350,F1_Aged
Chaserr,F1_Aged
Chd1,F1_Aged
Chd7,F1_Aged
Chd8,F1_Aged
Chfr,F1_Aged
Chordc1,F1_Aged
Chpt1,F1_Aged
Cipc,F1_Aged
Cisd2,F1_Aged
Clint1,F1_Aged
Clip4,F1_Aged
Clk4,F1_Aged
Clock,F1_Aged
Cltc,F1_Aged
Cmah,F1_Aged
Cmklr1,F1_Aged
Cnksr3,F1_Aged
Cog5,F1_Aged
Col4a1,F1_Aged
Col4a4,F1_Aged
Col5a1,F1_Aged
Cox10,F1_Aged
Cpeb2,F1_Aged
Cplane1,F1_Aged
Cpped1,F1_Aged
Creb1,F1_Aged
Crem,F1_Aged
Crk,F1_Aged
Crtc3,F1_Aged
Cs,F1_Aged
Csde1,F1_Aged
Csnk1g1,F1_Aged
Csnk1g3,F1_Aged
Cspp1,F1_Aged
Ctdsp2,F1_Aged
Ctnna1,F1_Aged
Cuedc1,F1_Aged
Cul5,F1_Aged
Cwc27,F1_Aged
Cyp27a1,F1_Aged
Cyria,F1_Aged
Cyrib,F1_Aged
Cyth1,F1_Aged
D630003M21Rik,F1_Aged
D830024N08Rik,F1_Aged
Dcaf1,F1_Aged
Dcaf10,F1_Aged
Dcaf5,F1_Aged
Dcp1b,F1_Aged
Dctn4,F1_Aged
Dcun1d3,F1_Aged
Ddhd1,F1_Aged
Ddi2,F1_Aged
Ddx17,F1_Aged
Dennd1b,F1_Aged
Dennd2b,F1_Aged
Dhrs11,F1_Aged
Dhrs3,F1_Aged
Dhx15,F1_Aged
Dicer1,F1_Aged
Dis3l2,F1_Aged
Dld,F1_Aged
Dlst,F1_Aged
Dnajc13,F1_Aged
Dnajc5,F1_Aged
Dnajc7,F1_Aged
Dnm1l,F1_Aged
Dnmbp,F1_Aged
Dpf3,F1_Aged
Dpt,F1_Aged
Dpysl2,F1_Aged
Drg1,F1_Aged
Dsc2,F1_Aged
Dym,F1_Aged
Dync1i2,F1_Aged
Dzip3,F1_Aged
E130307A14Rik,F1_Aged
E130308A19Rik,F1_Aged
Ebf3,F1_Aged
Eef1a2,F1_Aged
Efr3a,F1_Aged
Eif3a,F1_Aged
Eif4g1,F1_Aged
Elavl1,F1_Aged
Elk3,F1_Aged
Elk4,F1_Aged
Eml1,F1_Aged
Eng,F1_Aged
Epas1,F1_Aged
Epb41l2,F1_Aged
Eri3,F1_Aged
Erlec1,F1_Aged
Errfi1,F1_Aged
Ets1,F1_Aged
Ewsr1,F1_Aged
Exoc6,F1_Aged
Ext1,F1_Aged
Ext2,F1_Aged
Eya3,F1_Aged
Fam114a1,F1_Aged
Fam120a,F1_Aged
Fam120b,F1_Aged
Fam135a,F1_Aged
Fam13b,F1_Aged
Fam149b,F1_Aged
Fam162a,F1_Aged
Fam168a,F1_Aged
Fam222b,F1_Aged
Fam234a,F1_Aged
Fancc,F1_Aged
Fbln1,F1_Aged
Fbxl3,F1_Aged
Fbxl7,F1_Aged
Fbxo11,F1_Aged
Fbxo3,F1_Aged
Fbxw11,F1_Aged
Fbxw8,F1_Aged
Fgd4,F1_Aged
Fgd5,F1_Aged
Fgfr1op2,F1_Aged
Fip1l1,F1_Aged
Fkbp15,F1_Aged
Fmo1,F1_Aged
Fnbp1,F1_Aged
Foxj3,F1_Aged
Fsd2,F1_Aged
Fus,F1_Aged
Fyco1,F1_Aged
Gapvd1,F1_Aged
Gdi2,F1_Aged
Ggnbp1,F1_Aged
Gigyf2,F1_Aged
Git2,F1_Aged
Glud1,F1_Aged
Glyr1,F1_Aged
Gm10138,F1_Aged
Gm12216,F1_Aged
Gm12940,F1_Aged
Gm13481,F1_Aged
Gm16093,F1_Aged
Gm26862,F1_Aged
Gm29237,F1_Aged
Gm32718,F1_Aged
Gm3587,F1_Aged
Gm40124,F1_Aged
Gm50114,F1_Aged
Gnao1,F1_Aged
Gnpat,F1_Aged
Golim4,F1_Aged
Golph3,F1_Aged
Gon4l,F1_Aged
Got2,F1_Aged
Gpbp1l1,F1_Aged
Gpr107,F1_Aged
Gramd1b,F1_Aged
Greb1l,F1_Aged
Gsta3,F1_Aged
Gtf2h1,F1_Aged
Gtf3c2,F1_Aged
Gxylt2,F1_Aged
H3f3b,F1_Aged
Hace1,F1_Aged
Hapstr1,F1_Aged
Hbb-bs,F1_Aged
Heg1,F1_Aged
Helz,F1_Aged
Herc2,F1_Aged
Hip1,F1_Aged
Hivep1,F1_Aged
Hltf,F1_Aged
Hnrnpa3,F1_Aged
Hnrnpl,F1_Aged
Hnrnpll,F1_Aged
Homer2,F1_Aged
Hook3,F1_Aged
Hspa9,F1_Aged
Hycc2,F1_Aged
Ibtk,F1_Aged
Icosl,F1_Aged
Idh2,F1_Aged
Igf1,F1_Aged
Igf2r,F1_Aged
Igfbp7,F1_Aged
Ikbkb,F1_Aged
Ikzf2,F1_Aged
Il15ra,F1_Aged
Il1r1,F1_Aged
Inpp5a,F1_Aged
Ints4,F1_Aged
Intu,F1_Aged
Ip6k1,F1_Aged
Ipo8,F1_Aged
Itm2b,F1_Aged
Itpkb,F1_Aged
Itprid2,F1_Aged
Itsn1,F1_Aged
Itsn2,F1_Aged
Iws1,F1_Aged
Jak2,F1_Aged
Jmy,F1_Aged
Kansl3,F1_Aged
Kat14,F1_Aged
Kat2b,F1_Aged
Kat6a,F1_Aged
Kcnq1ot1,F1_Aged
Kctd1,F1_Aged
Kdm2a,F1_Aged
Kdm3a,F1_Aged
Kdm3b,F1_Aged
Kdm5b,F1_Aged
Khdrbs1,F1_Aged
Kifap3,F1_Aged
Kiz,F1_Aged
Klf13,F1_Aged
Klf3,F1_Aged
Klf9,F1_Aged
Klhdc10,F1_Aged
Klhl31,F1_Aged
Kmt5a,F1_Aged
Kpna3,F1_Aged
Ksr1,F1_Aged
Lamb1,F1_Aged
Larp1b,F1_Aged
Larp4,F1_Aged
Larp4b,F1_Aged
Lats2,F1_Aged
Lhfpl6,F1_Aged
Lifr,F1_Aged
Limch1,F1_Aged
Lncpint,F1_Aged
Loxl1,F1_Aged
Lrrc3b,F1_Aged
Lrrc8c,F1_Aged
Lsamp,F1_Aged
Lsm14a,F1_Aged
Luc7l3,F1_Aged
Lypla1,F1_Aged
Lyrm4,F1_Aged
Lztfl1,F1_Aged
Maco1,F1_Aged
Man1a2,F1_Aged
Map2k3,F1_Aged
Map3k3,F1_Aged
Map3k7,F1_Aged
Map4,F1_Aged
Map4k5,F1_Aged
Map7,F1_Aged
Mapk8ip3,F1_Aged
Mark2,F1_Aged
Mark3,F1_Aged
Mau2,F1_Aged
Mbtd1,F1_Aged
Mccc2,F1_Aged
Mcl1,F1_Aged
Mdga2,F1_Aged
Me3,F1_Aged
Med15,F1_Aged
Mff,F1_Aged
Mga,F1_Aged
Mgat5,F1_Aged
Mgrn1,F1_Aged
Micos10,F1_Aged
Micu1,F1_Aged
Micu3,F1_Aged
Miga2,F1_Aged
Mir99ahg,F1_Aged
Mme,F1_Aged
Mmp2,F1_Aged
Mob2,F1_Aged
Morc2a,F1_Aged
Morc3,F1_Aged
Mosmo,F1_Aged
Mpc1,F1_Aged
Mphosph8,F1_Aged
Mrc2,F1_Aged
Mrpl48,F1_Aged
Mrtfa,F1_Aged
Mrtfb,F1_Aged
Mtch2,F1_Aged
Mtdh,F1_Aged
Mtf2,F1_Aged
Mtpap,F1_Aged
Mtr,F1_Aged
Myl3,F1_Aged
Myo1b,F1_Aged
Myo1c,F1_Aged
Myo9a,F1_Aged
Myo9b,F1_Aged
Myof,F1_Aged
Myom1,F1_Aged
Mysm1,F1_Aged
Naalad2,F1_Aged
Ncoa1,F1_Aged
Ncoa3,F1_Aged
Ndufa4,F1_Aged
Ndufs4,F1_Aged
Neat1,F1_Aged
Nek9,F1_Aged
Nemf,F1_Aged
Nf2,F1_Aged
Nfix,F1_Aged
Nhlrc2,F1_Aged
Nin,F1_Aged
Nisch,F1_Aged
Nova1,F1_Aged
Nr1d2,F1_Aged
Nr2c2,F1_Aged
Nrap,F1_Aged
Nrdc,F1_Aged
Nrxn1,F1_Aged
Nsmce2,F1_Aged
Nt5dc1,F1_Aged
Nt5dc3,F1_Aged
Nufip2,F1_Aged
Nus1,F1_Aged
Nvl,F1_Aged
Nxpe4,F1_Aged
Oga,F1_Aged
Oip5os1,F1_Aged
Optn,F1_Aged
Osbp,F1_Aged
Osbpl1a,F1_Aged
Otud4,F1_Aged
Otulin,F1_Aged
P2rx4,F1_Aged
Pak2,F1_Aged
Pakap,F1_Aged
Palld,F1_Aged
Palm,F1_Aged
Pam,F1_Aged
Paxbp1,F1_Aged
Pcca,F1_Aged
Pcdh7,F1_Aged
Pcf11,F1_Aged
Pcm1,F1_Aged
Pcmtd2,F1_Aged
Pcolce2,F1_Aged
Pcsk5,F1_Aged
Pdcd10,F1_Aged
Pdcd4,F1_Aged
Pde10a,F1_Aged
Pde7b,F1_Aged
Pdia3,F1_Aged
Pds5a,F1_Aged
Pds5b,F1_Aged
Pdss2,F1_Aged
Pdzrn3,F1_Aged
Peli1,F1_Aged
Per2,F1_Aged
Pex13,F1_Aged
Pex2,F1_Aged
Pfkp,F1_Aged
Pgm1,F1_Aged
Phactr4,F1_Aged
Phc3,F1_Aged
Phf21a,F1_Aged
Phldb2,F1_Aged
Phyh,F1_Aged
Phyhd1,F1_Aged
Pias2,F1_Aged
Pign,F1_Aged
Pigu,F1_Aged
Pik3c2a,F1_Aged
Pik3c3,F1_Aged
Pik3ca,F1_Aged
Pitpnb,F1_Aged
Pitpnm2,F1_Aged
Pkd2,F1_Aged
Pkig,F1_Aged
Pld1,F1_Aged
Plekha1,F1_Aged
Plekha5,F1_Aged
Plekhg3,F1_Aged
Plekhh2,F1_Aged
Plin4,F1_Aged
Pmp22,F1_Aged
Polb,F1_Aged
Pou2f1,F1_Aged
Ppard,F1_Aged
Pparg,F1_Aged
Ppfia1,F1_Aged
Ppfibp2,F1_Aged
Ppig,F1_Aged
Ppm1h,F1_Aged
Ppp1r13b,F1_Aged
Ppp2ca,F1_Aged
Ppp2r5a,F1_Aged
Ppp3cb,F1_Aged
Ppp4r1,F1_Aged
Ppp4r3b,F1_Aged
Ppp6r2,F1_Aged
Prdm16,F1_Aged
Prdx1,F1_Aged
Prkab2,F1_Aged
Prkacb,F1_Aged
Prkag1,F1_Aged
Prkag2,F1_Aged
Prkar1a,F1_Aged
Prkd3,F1_Aged
Prpf38b,F1_Aged
Prpf40a,F1_Aged
Prrc1,F1_Aged
Psen1,F1_Aged
Psma3,F1_Aged
Psmd1,F1_Aged
Psmd7,F1_Aged
Ptbp2,F1_Aged
Ptbp3,F1_Aged
Ptgr2,F1_Aged
Ptpra,F1_Aged
Pura,F1_Aged
Qrich1,F1_Aged
R3hcc1l,F1_Aged
Rab11fip2,F1_Aged
Rab11fip3,F1_Aged
Rab12,F1_Aged
Rab14,F1_Aged
Rab1a,F1_Aged
Rab28,F1_Aged
Rab2a,F1_Aged
Rab3gap2,F1_Aged
Rab3ip,F1_Aged
Rab7,F1_Aged
Rai1,F1_Aged
Rai14,F1_Aged
Ralgapb,F1_Aged
Ranbp10,F1_Aged
Rarb,F1_Aged
Rasgrf2,F1_Aged
Rb1cc1,F1_Aged
Rbm20,F1_Aged
Rbm33,F1_Aged
Rbm5,F1_Aged
Rcan1,F1_Aged
Rcan2,F1_Aged
Rcsd1,F1_Aged
Rdx,F1_Aged
Reep5,F1_Aged
Rel,F1_Aged
Relch,F1_Aged
Rev3l,F1_Aged
Rftn1,F1_Aged
Rfx3,F1_Aged
Rhot1,F1_Aged
Ric1,F1_Aged
Rif1,F1_Aged
Riok2,F1_Aged
Riok3,F1_Aged
Rlf,F1_Aged
Rmnd1,F1_Aged
Rnf111,F1_Aged
Rnf13,F1_Aged
Rnf150,F1_Aged
Rnf19a,F1_Aged
Rnf216,F1_Aged
Rnf217,F1_Aged
Rngtt,F1_Aged
Rnh1,F1_Aged
Ror2,F1_Aged
Rprd1b,F1_Aged
Rps15,F1_Aged
Rps6kb1,F1_Aged
Rps6kc1,F1_Aged
Rreb1,F1_Aged
Rtf1,F1_Aged
Rufy1,F1_Aged
Sacm1l,F1_Aged
Samd4,F1_Aged
Sbno1,F1_Aged
Scamp1,F1_Aged
Scarb2,F1_Aged
Scarf1,F1_Aged
Scfd2,F1_Aged
Sec31a,F1_Aged
Sec62,F1_Aged
Sec63,F1_Aged
Selenop,F1_Aged
Sema5a,F1_Aged
Sema6d,F1_Aged
Senp7,F1_Aged
Septin8,F1_Aged
Serbp1,F1_Aged
Serinc1,F1_Aged
Sertad2,F1_Aged
Sestd1,F1_Aged
Setd2,F1_Aged
Setx,F1_Aged
Sf1,F1_Aged
Sgce,F1_Aged
Sgip1,F1_Aged
Sgms1,F1_Aged
Sgms2,F1_Aged
Sipa1l1,F1_Aged
Sipa1l2,F1_Aged
Slc10a7,F1_Aged
Slc12a6,F1_Aged
Slc23a2,F1_Aged
Slc25a27,F1_Aged
Slc25a40,F1_Aged
Slc25a46,F1_Aged
Slc30a5,F1_Aged
Slc35a3,F1_Aged
Slc35e2,F1_Aged
Slc43a3,F1_Aged
Slc44a1,F1_Aged
Slc49a4,F1_Aged
Slc8a1,F1_Aged
Slco5a1,F1_Aged
Slf2,F1_Aged
Smarca4,F1_Aged
Smarca5,F1_Aged
Smarcad1,F1_Aged
Smarcc1,F1_Aged
Smarcc2,F1_Aged
Smc5,F1_Aged
Smc6,F1_Aged
Smchd1,F1_Aged
Smg7,F1_Aged
Smurf1,F1_Aged
Snhg7,F1_Aged
Snrnp70,F1_Aged
Snx13,F1_Aged
Snx2,F1_Aged
Snx24,F1_Aged
Snx25,F1_Aged
Snx27,F1_Aged
Snx29,F1_Aged
Sorbs3,F1_Aged
Sos2,F1_Aged
Sp3,F1_Aged
Sparcl1,F1_Aged
Spata6,F1_Aged
Specc1l,F1_Aged
Spen,F1_Aged
Spidr,F1_Aged
Sppl3,F1_Aged
Sptlc2,F1_Aged
Srbd1,F1_Aged
Srgap2,F1_Aged
Srpk2,F1_Aged
Srr,F1_Aged
Srsf11,F1_Aged
Ss18,F1_Aged
Ssbp3,F1_Aged
St3gal3,F1_Aged
Stau2,F1_Aged
Steap3,F1_Aged
Stk24,F1_Aged
Strn,F1_Aged
Stxbp3,F1_Aged
Sucla2,F1_Aged
Suclg2,F1_Aged
Sumo1,F1_Aged
Supt3,F1_Aged
Suz12,F1_Aged
Svep1,F1_Aged
Swt1,F1_Aged
Syncrip,F1_Aged
Synj1,F1_Aged
Synpo,F1_Aged
Synrg,F1_Aged
Tab2,F1_Aged
Taf15,F1_Aged
Taf3,F1_Aged
Tanc2,F1_Aged
Tango2,F1_Aged
Taok1,F1_Aged
Tax1bp1,F1_Aged
Tbc1d12,F1_Aged
Tbc1d23,F1_Aged
Tcerg1,F1_Aged
Tcp11l2,F1_Aged
Tef,F1_Aged
Tent2,F1_Aged
Tet2,F1_Aged
Tet3,F1_Aged
Tex10,F1_Aged
Thap3,F1_Aged
Thrap3,F1_Aged
Tiparp,F1_Aged
Tjp1,F1_Aged
Tlk2,F1_Aged
Tm9sf2,F1_Aged
Tm9sf3,F1_Aged
Tmed10,F1_Aged
Tmed5,F1_Aged
Tmem106b,F1_Aged
Tmem135,F1_Aged
Tmem234,F1_Aged
Tmem87a,F1_Aged
Tmod1,F1_Aged
Tmpo,F1_Aged
Tnks2,F1_Aged
Tnrc18,F1_Aged
Tns3,F1_Aged
Tomm40,F1_Aged
Tpm3,F1_Aged
Tpst1,F1_Aged
Trak1,F1_Aged
Trappc8,F1_Aged
Trappc9,F1_Aged
Trerf1,F1_Aged
Trim33,F1_Aged
Trim44,F1_Aged
Trio,F1_Aged
Trpc1,F1_Aged
Trpc4ap,F1_Aged
Tshz3,F1_Aged
Tsnax,F1_Aged
Ttc17,F1_Aged
Ttll5,F1_Aged
Ttpal,F1_Aged
Tut4,F1_Aged
Txnl1,F1_Aged
U2surp,F1_Aged
Uba3,F1_Aged
Uba5,F1_Aged
Ubac2,F1_Aged
Ube2j1,F1_Aged
Ube2q2,F1_Aged
Ube3c,F1_Aged
Ube4a,F1_Aged
Ube4b,F1_Aged
Ubl3,F1_Aged
Uck2,F1_Aged
Ugp2,F1_Aged
Unc45b,F1_Aged
Uqcrc2,F1_Aged
Uso1,F1_Aged
Usp15,F1_Aged
Usp2,F1_Aged
Usp25,F1_Aged
Usp3,F1_Aged
Usp32,F1_Aged
Usp45,F1_Aged
Usp47,F1_Aged
Usp7,F1_Aged
Usp8,F1_Aged
Uvrag,F1_Aged
Vcp,F1_Aged
Vezt,F1_Aged
Vgll3,F1_Aged
Virma,F1_Aged
Vkorc1l1,F1_Aged
Vps35,F1_Aged
Vps35l,F1_Aged
Vps54,F1_Aged
Vwa5a,F1_Aged
Wars2,F1_Aged
Wasl,F1_Aged
Wdfy2,F1_Aged
Wdr7,F1_Aged
Wipf3,F1_Aged
Wipi1,F1_Aged
Wrn,F1_Aged
Wwp1,F1_Aged
Xirp2,F1_Aged
Xkr4,F1_Aged
Xpo1,F1_Aged
Xpo4,F1_Aged
Xpr1,F1_Aged
Xrn1,F1_Aged
Xrn2,F1_Aged
Yaf2,F1_Aged
Yap1,F1_Aged
Ybx3,F1_Aged
Ywhae,F1_Aged
Ywhaq,F1_Aged
Zc3h13,F1_Aged
Zdhhc14,F1_Aged
Zeb1,F1_Aged
Zfp106,F1_Aged
Zfp236,F1_Aged
Zfp277,F1_Aged
Zfp280d,F1_Aged
Zfp292,F1_Aged
Zfp445,F1_Aged
Zfp451,F1_Aged
Zfp512,F1_Aged
Zfp53,F1_Aged
Zfp592,F1_Aged
Zfp62,F1_Aged
Zfp638,F1_Aged
Zfp644,F1_Aged
Zfp652,F1_Aged
Zfp654,F1_Aged
Zfp710,F1_Aged
Zfp809,F1_Aged
Zfp871,F1_Aged
Zfp950,F1_Aged
Zfyve16,F1_Aged
Zhx1,F1_Aged
Zmym2,F1_Aged
Zmym4,F1_Aged
Zmynd8,F1_Aged
Znrf3,F1_Aged
Zranb2,F1_Aged
Zup1,F1_Aged
Zwint,F1_Aged
Zyg11b,F1_Aged
1600010M07Rik,F1_Young
2610307P16Rik,F1_Young
3110056K07Rik,F1_Young
4933431K23Rik,F1_Young
5430431A17Rik,F1_Young
Aatf,F1_Young
Abcc4,F1_Young
Acaca,F1_Young
Actr2,F1_Young
Adam17,F1_Young
Adamtsl5,F1_Young
Adcy2,F1_Young
Adhfe1,F1_Young
Adipor2,F1_Young
Afap1l1,F1_Young
Aff3,F1_Young
Ahcyl2,F1_Young
Aig1,F1_Young
Airn,F1_Young
Aldh6a1,F1_Young
Amd1,F1_Young
Ankra2,F1_Young
Ankrd28,F1_Young
Ap2b1,F1_Young
Arhgap29,F1_Young
Arpc2,F1_Young
Ate1,F1_Young
Atf2,F1_Young
Atg4c,F1_Young
Atp5f1c,F1_Young
Atp5pf,F1_Young
Atp8b1,F1_Young
Axin1,F1_Young
B830012L14Rik,F1_Young
BC034090,F1_Young
Baiap2l1,F1_Young
Bdp1,F1_Young
Bhlhe40,F1_Young
Bltp3b,F1_Young
Bmper,F1_Young
Brd7,F1_Young
Bri3,F1_Young
Cabcoco1,F1_Young
Ccnl1,F1_Young
Cd59a,F1_Young
Cdc27,F1_Young
Cdk19,F1_Young
Cdv3,F1_Young
Cep120,F1_Young
Chst11,F1_Young
Chsy3,F1_Young
Clic4,F1_Young
Clptm1,F1_Young
Cnn3,F1_Young
Col3a1,F1_Young
Col5a3,F1_Young
Col6a2,F1_Young
Colec12,F1_Young
Coq10b,F1_Young
Coro6,F1_Young
Cpsf7,F1_Young
Crebzf,F1_Young
Ctnnd1,F1_Young
Dapk1,F1_Young
Ddx10,F1_Young
Dennd4a,F1_Young
Depdc5,F1_Young
Dgat2,F1_Young
Dlg1,F1_Young
Dnajc15,F1_Young
Dnm3os,F1_Young
Dnmt3a,F1_Young
Dock7,F1_Young
Dpep1,F1_Young
Dph6,F1_Young
Dpp8,F1_Young
Dync1h1,F1_Young
Ece1,F1_Young
Eeig2,F1_Young
Eif2s1,F1_Young
Eif3c,F1_Young
Eif4enif1,F1_Young
Epc2,F1_Young
Etfdh,F1_Young
Fam110b,F1_Young
Fam117b,F1_Young
Fam20a,F1_Young
Fap,F1_Young
Far1,F1_Young
Farp1,F1_Young
Fars2,F1_Young
Fat1,F1_Young
Fchsd2,F1_Young
Fign,F1_Young
Frmd5,F1_Young
Fut8,F1_Young
Gabpb1,F1_Young
Galnt1,F1_Young
Gatad2a,F1_Young
Gbf1,F1_Young
Gfm2,F1_Young
Gfod1,F1_Young
Gm12353,F1_Young
Gm31013,F1_Young
Gm36372,F1_Young
Gm40652,F1_Young
Gm57242,F1_Young
Gm57283,F1_Young
Gnai3,F1_Young
Gnb1,F1_Young
Gtf2f2,F1_Young
Gtf2i,F1_Young
Gucy1a2,F1_Young
Hacd3,F1_Young
Has2,F1_Young
Heatr5a,F1_Young
Heatr6,F1_Young
Herc4,F1_Young
Herc6,F1_Young
Hibadh,F1_Young
Hipk1,F1_Young
Hipk3,F1_Young
Hnrnpa2b1,F1_Young
Hps3,F1_Young
Hspa4,F1_Young
Hspb1,F1_Young
Hsph1,F1_Young
Ifi205,F1_Young
Ifi211,F1_Young
Igfbp4,F1_Young
Il33,F1_Young
Ints6,F1_Young
Ipo11,F1_Young
Jam2,F1_Young
Kcnip2,F1_Young
Klf6,F1_Young
Klhl2,F1_Young
Klhl33,F1_Young
Klhl5,F1_Young
Klhl7,F1_Young
Lnx1,F1_Young
Lrpprc,F1_Young
Lvrn,F1_Young
Map3k14,F1_Young
Mapk10,F1_Young
Mat2a,F1_Young
Mccc1,F1_Young
Meis1,F1_Young
Mettl15,F1_Young
Mfhas1,F1_Young
Mlxip,F1_Young
Mlxipl,F1_Young
Mmaa,F1_Young
Mon2,F1_Young
Mprip,F1_Young
Mrpl3,F1_Young
Mrps9,F1_Young
Msra,F1_Young
Mt2,F1_Young
Myh9,F1_Young
Mylk4,F1_Young
Myo10,F1_Young
Naa15,F1_Young
Naa50,F1_Young
Nck2,F1_Young
Ndfip2,F1_Young
Ndrg2,F1_Young
Ndrg3,F1_Young
Ndufa10,F1_Young
Ndufb1,F1_Young
Ndufv1,F1_Young
Nek1,F1_Young
Ngf,F1_Young
Nhsl1,F1_Young
Noct,F1_Young
Nos1ap,F1_Young
Nploc4,F1_Young
Nr4a3,F1_Young
Nsmaf,F1_Young
Nt5c2,F1_Young
Osbpl2,F1_Young
Pak1,F1_Young
Palmd,F1_Young
Patl1,F1_Young
Pcsk7,F1_Young
Pcx,F1_Young
Pcyt2,F1_Young
Peak1,F1_Young
Pex14,F1_Young
Pgm5,F1_Young
Phldb1,F1_Young
Pi4ka,F1_Young
Piezo1,F1_Young
Pip4p2,F1_Young
Pkp4,F1_Young
Plce1,F1_Young
Plekhg2,F1_Young
Plod2,F1_Young
Plpp1,F1_Young
Plxna4,F1_Young
Pmm2,F1_Young
Pon2,F1_Young
Ppm1a,F1_Young
Ppp4r2,F1_Young
Prrc2c,F1_Young
Ptges3,F1_Young
Ptp4a2,F1_Young
Ptpn14,F1_Young
Ptpn3,F1_Young
Ptpn9,F1_Young
Pxk,F1_Young
Rab21,F1_Young
Rabep1,F1_Young
Rabgap1,F1_Young
Rap1gds1,F1_Young
Rasa1,F1_Young
Rassf3,F1_Young
Rassf8,F1_Young
Rb1,F1_Young
Rbm28,F1_Young
Rc3h1,F1_Young
Rin2,F1_Young
Rin3,F1_Young
Ripor2,F1_Young
Rnf14,F1_Young
Rnf169,F1_Young
Rnls,F1_Young
Rps6ka2,F1_Young
Rps6ka5,F1_Young
Rptor,F1_Young
Rrbp1,F1_Young
Rsbn1l,F1_Young
Rsrc1,F1_Young
Rusc2,F1_Young
Sav1,F1_Young
Scara5,F1_Young
Scfd1,F1_Young
Selenot,F1_Young
Sh3pxd2a,F1_Young
Slc12a7,F1_Young
Slc16a1,F1_Young
Slc39a14,F1_Young
Slc4a4,F1_Young
Slfn5,F1_Young
Smad7,F1_Young
Snrk,F1_Young
Snx3,F1_Young
Sobp,F1_Young
Sos1,F1_Young
Spop,F1_Young
Spsb1,F1_Young
Srsf3,F1_Young
Ssbp1,F1_Young
St3gal1,F1_Young
Stim2,F1_Young
Strbp,F1_Young
Stx12,F1_Young
Syde2,F1_Young
Syk,F1_Young
Tanc1,F1_Young
Tbcd,F1_Young
Thbs1,F1_Young
Timm23,F1_Young
Tle4,F1_Young
Tmem68,F1_Young
Tnfaip2,F1_Young
Tpd52l2,F1_Young
Tpm4,F1_Young
Tram2,F1_Young
Trim55,F1_Young
Trip4,F1_Young
Tspan13,F1_Young
Ttc19,F1_Young
Ttc27,F1_Young
Twf2,F1_Young
Ube2k,F1_Young
Ube3a,F1_Young
Ubr4,F1_Young
Ubtd1,F1_Young
Ufd1,F1_Young
Unc13b,F1_Young
Usp37,F1_Young
Usp46,F1_Young
Vps8,F1_Young
Wasf2,F1_Young
Xpo7,F1_Young
Ythdc1,F1_Young
Ywhag,F1_Young
Zc3h7a,F1_Young
Zdhhc20,F1_Young
Zfp568,F1_Young
Zfp740,F1_Young
Zfp948,F1_Young
